0,0.0013178
104.14,0.043274
208.29,0.021408
312.43,0.014151
416.58,0.010657
520.72,0.0089398
624.87,0.0073996
729.01,0.0068492
833.16,0.005247
937.3,0.0062427
1041.4,0.0042504
1145.6,0.0063218
1249.7,0.0047578
1353.9,0.0059318
1458,0.0046693
1562.2,0.0044203
1666.3,0.0040488
1770.5,0.0047188
1874.6,0.0046921
1978.8,0.005188
2082.9,0.0040021
2187,0.005342
2291.2,0.0043612
2395.3,0.003209
2499.5,0.0038464
2603.6,0.0043848
2707.8,0.0035965
2811.9,0.0040549
2916.1,0.004159
3020.2,0.0046986
3124.3,0.004169
3228.5,0.0045732
3332.6,0.0041308
3436.8,0.0040806
3540.9,0.0040011
3645.1,0.0043342
3749.2,0.0048435
3853.4,0.0038299
3957.5,0.0041575
4061.7,0.0042527
4165.8,0.0045478
4269.9,0.0043142
4374.1,0.0039343
4478.2,0.0043413
4582.4,0.0042924
4686.5,0.0038319
4790.7,0.0038665
4894.8,0.0046741
4999,0.0042278
5103.1,0.0041196
5207.2,0.0040471
5311.4,0.0030944
5415.5,0.0039503
5519.7,0.0048626
5623.8,0.0047308
5728,0.0039133
5832.1,0.0039752
5936.3,0.0046414
6040.4,0.0045707
6144.6,0.0043105
6248.7,0.0043321
6352.8,0.0034387
6457,0.0046485
6561.1,0.0039875
6665.3,0.0048406
6769.4,0.0042865
6873.6,0.0038942
6977.7,0.0040806
7081.9,0.0037929
7186,0.0039873
7290.1,0.0044177
7394.3,0.0048136
7498.4,0.0046057
7602.6,0.0050088
7706.7,0.0037683
7810.9,0.0037368
7915,0.0045963
8019.2,0.003903
8123.3,0.0034292
8227.5,0.0041949
8331.6,0.0024777
8435.7,0.0043908
8539.9,0.0039896
8644,0.0039071
8748.2,0.0041298
8852.3,0.0044408
8956.5,0.0042244
9060.6,0.0037036
9164.8,0.0046107
9268.9,0.0041752
9373,0.0041122
9477.2,0.0040095
9581.3,0.0036664
9685.5,0.0041572
9789.6,0.0038321
9893.8,0.0034328
9997.9,0.0034171
10102,0.0040931
10206,0.0048483
10310,0.0040026
10414,0.0036317
10519,0.0038997
10623,0.0041542
10727,0.0041749
10831,0.0037776
10935,0.0049369
11039,0.0046726
11144,0.0031625
11248,0.0037416
11352,0.0035438
11456,0.0046495
11560,0.0042624
11664,0.0039536
11768,0.0032627
11873,0.0038744
11977,0.0045017
12081,0.0046548
12185,0.0048122
12289,0.0046277
12393,0.0041994
12497,0.0044007
12602,0.0045628
12706,0.0046165
12810,0.0051772
12914,0.0041312
13018,0.0041681
13122,0.0046935
13226,0.0049574
13331,0.0050452
13435,0.0048848
13539,0.00456
13643,0.0048234
13747,0.0052575
13851,0.0047457
13955,0.0036504
14060,0.0050338
14164,0.0049668
14268,0.0040523
14372,0.0046872
14476,0.0049275
14580,0.0051094
14684,0.0049675
14789,0.005406
14893,0.0047806
14997,0.0041993
15101,0.006732
15205,0.0052454
15309,0.0051898
15413,0.0041141
15518,0.0053324
15622,0.0056566
15726,0.0050148
15830,0.0059359
15934,0.0060402
16038,0.005318
16142,0.0053981
16247,0.0055886
16351,0.0057087
16455,0.0058818
16559,0.0057604
16663,0.0068987
16767,0.0059228
16871,0.0070492
16976,0.0065753
17080,0.0054621
17184,0.0051626
17288,0.0060746
17392,0.0058586
17496,0.0069366
17600,0.0065872
17705,0.0073517
17809,0.0064574
17913,0.0070194
18017,0.0074955
18121,0.0081409
18225,0.0088525
18330,0.0094242
18434,0.0091191
18538,0.0098082
18642,0.010238
18746,0.0097119
18850,0.010564
18954,0.012244
19059,0.013768
19163,0.016019
19267,0.016563
19371,0.018366
19475,0.021326
19579,0.023136
19683,0.031831
19788,0.046975
19892,0.092658
19996,0.53676
20100,0.10291
20204,0.045857
20308,0.030731
20412,0.02199
20517,0.016479
20621,0.015067
20725,0.010974
20829,0.010194
20933,0.0066652
21037,0.0069859
21141,0.0062032
21246,0.0062335
21350,0.0049541
21454,0.0041861
21558,0.0044563
21662,0.0037377
21766,0.0039147
21870,0.002298
21975,0.0030569
22079,0.0033772
22183,0.0031659
22287,0.002575
22391,0.0019425
22495,0.0025246
22599,0.0017856
22704,0.0016426
22808,0.0022158
22912,0.0025401
23016,0.00057737
23120,0.00077191
23224,0.0016276
23328,0.0001083
23433,0.00091596
23537,0.0012964
23641,0.0012845
23745,0.0012914
23849,0.00080572
23953,0.0015487
24057,0.0009231
24162,0.0010966
24266,0.00078269
24370,0.0010627
24474,0.00064635
24578,0.0013991
24682,0.0010489
24787,0.00076645
24891,0.0012827
24995,0.00060551
25099,0.00082248
25203,0.00060034
25307,0.0005575
25411,0.001236
25516,0.0010667
25620,0.0014921
25724,0.00098527
25828,0.00068366
25932,0.00071266
26036,0.00058743
26140,0.00099284
26245,0.0011565
26349,0.00067361
26453,0.00067977
26557,0.00037703
26661,0.00081551
26765,0.00040158
26869,0.0013883
26974,0.0010452
27078,0.0010795
27182,0.00056219
27286,0.0010124
27390,0.0017281
27494,0.001353
27598,0.00074682
27703,0.00056724
27807,0.0014329
27911,0.00073881
28015,0.00088377
28119,0.0012358
28223,0.0011431
28327,0.0011206
28432,0.00099379
28536,0.0012144
28640,0.00091331
28744,0.0016745
28848,0.0010588
28952,0.00072452
29056,0.0013398
29161,0.0010187
29265,0.0015037
29369,0.00080499
29473,0.0014277
29577,0.0018637
29681,0.0017583
29785,0.00078369
29890,0.0020659
29994,0.0024304
30098,0.0017988
30202,0.0025979
30306,0.0018445
30410,0.0018874
30514,0.0022014
30619,0.0016953
30723,0.0020888
30827,0.0019822
30931,0.0033452
31035,0.0020091
31139,0.0021265
31243,0.0020191
31348,0.0024302
31452,0.0023484
31556,0.002248
31660,0.0035668
31764,0.0023538
31868,0.0023556
31973,0.0019978
32077,0.0019556
32181,0.0028255
32285,0.0034953
32389,0.0021923
32493,0.0027079
32597,0.0034382
32702,0.0031022
32806,0.0034942
32910,0.0039534
33014,0.0038418
33118,0.004097
33222,0.0031587
33326,0.0036583
33431,0.0042774
33535,0.0035633
33639,0.0049961
33743,0.0038582
33847,0.0041817
33951,0.0044053
34055,0.0039965
34160,0.0050124
34264,0.0052099
34368,0.0044001
34472,0.0049247
34576,0.0059569
34680,0.0073248
34784,0.0060392
34889,0.0065657
34993,0.0066366
35097,0.0057694
35201,0.0071198
35305,0.0074343
35409,0.008126
35513,0.0075567
35618,0.0084533
35722,0.0082119
35826,0.0083272
35930,0.0088922
36034,0.0088932
36138,0.0095408
36242,0.0096588
36347,0.010182
36451,0.010562
36555,0.01052
36659,0.011381
36763,0.011946
36867,0.013289
36971,0.012428
37076,0.01437
37180,0.013875
37284,0.015439
37388,0.015846
37492,0.017946
37596,0.017931
37700,0.018707
37805,0.018551
37909,0.021405
38013,0.021373
38117,0.022147
38221,0.025508
38325,0.026969
38429,0.02944
38534,0.030962
38638,0.03292
38742,0.036524
38846,0.039898
38950,0.045557
39054,0.050172
39159,0.057956
39263,0.06288
39367,0.076955
39471,0.090292
39575,0.11242
39679,0.15088
39783,0.2212
39888,0.42544
39992,4.5381
40096,0.56175
40200,0.25912
40304,0.17204
40408,0.12631
40512,0.10256
40617,0.086246
40721,0.073166
40825,0.065282
40929,0.058036
41033,0.051285
41137,0.046767
41241,0.042629
41346,0.04022
41450,0.037606
41554,0.035192
41658,0.03293
41762,0.031608
41866,0.029056
41970,0.02892
42075,0.026796
42179,0.025608
42283,0.024786
42387,0.023044
42491,0.022695
42595,0.021557
42699,0.020206
42804,0.019909
42908,0.02014
43012,0.019221
43116,0.019138
43220,0.018224
43324,0.017144
43428,0.01657
43533,0.016354
43637,0.015945
43741,0.015886
43845,0.014938
43949,0.014444
44053,0.014799
44157,0.0133
44262,0.014398
44366,0.013673
44470,0.013438
44574,0.013313
44678,0.012805
44782,0.012274
44886,0.012419
44991,0.012075
45095,0.011817
45199,0.011325
45303,0.01133
45407,0.010821
45511,0.011033
45615,0.010435
45720,0.010525
45824,0.0102
45928,0.0097179
46032,0.010087
46136,0.0098293
46240,0.0096646
46345,0.0093076
46449,0.0089768
46553,0.0092215
46657,0.0092645
46761,0.0087324
46865,0.0089202
46969,0.0084077
47074,0.008341
47178,0.0080473
47282,0.008325
47386,0.0081575
47490,0.0080393
47594,0.007735
47698,0.0074817
47803,0.0073069
47907,0.0070518
48011,0.0069843
48115,0.0068145
48219,0.0070298
48323,0.0066868
48427,0.0068131
48532,0.006828
48636,0.0063247
48740,0.0065737
48844,0.0066874
48948,0.0065148
49052,0.0067506
49156,0.0064091
49261,0.0061566
49365,0.0062185
49469,0.0060459
49573,0.0057815
49677,0.0056401
49781,0.0059793
49885,0.005007
49990,0.0056369
50094,0.0058182
50198,0.0054275
50302,0.0055048
50406,0.005067
50510,0.0051344
50614,0.0048916
50719,0.0052557
50823,0.0048993
50927,0.0051627
51031,0.0048333
51135,0.0043984
51239,0.0048019
51343,0.004615
51448,0.0045275
51552,0.0045187
51656,0.0042076
51760,0.0040908
51864,0.0044472
51968,0.0043548
52072,0.0041864
52177,0.0046002
52281,0.0043645
52385,0.0041391
52489,0.0045297
52593,0.0041727
52697,0.0037638
52801,0.0041321
52906,0.0038412
53010,0.0040352
53114,0.004096
53218,0.0040051
53322,0.0038133
53426,0.0036522
53531,0.0035753
53635,0.0037458
53739,0.003983
53843,0.0036553
53947,0.0031683
54051,0.0035551
54155,0.0035272
54260,0.0033114
54364,0.0035621
54468,0.0034628
54572,0.0035623
54676,0.0033839
54780,0.0035203
54884,0.0031767
54989,0.0031456
55093,0.0032491
55197,0.0032628
55301,0.003226
55405,0.0030336
55509,0.0032866
55613,0.0034051
55718,0.0031372
55822,0.0030881
55926,0.0032085
56030,0.003227
56134,0.0030398
56238,0.0030181
56342,0.0031824
56447,0.0029345
56551,0.0027762
56655,0.0028502
56759,0.0028932
56863,0.0030529
56967,0.0027587
57071,0.002885
57176,0.0027533
57280,0.0029074
57384,0.0027674
57488,0.0029479
57592,0.0028429
57696,0.0030116
57800,0.0028401
57905,0.0029721
58009,0.0028776
58113,0.0027768
58217,0.0032352
58321,0.0031859
58425,0.0032447
58529,0.0032242
58634,0.0033445
58738,0.0033365
58842,0.0033636
58946,0.0036629
59050,0.0039904
59154,0.0046093
59258,0.0046234
59363,0.005445
59467,0.0057249
59571,0.0065129
59675,0.0088227
59779,0.012372
59883,0.022875
59988,0.093601
60092,0.039597
60196,0.016152
60300,0.010867
60404,0.0081012
60508,0.0065111
60612,0.0059395
60717,0.0047386
60821,0.0043896
60925,0.003884
61029,0.0035962
61133,0.0034221
61237,0.0033672
61341,0.0031599
61446,0.0030304
61550,0.0030554
61654,0.0028913
61758,0.0028185
61862,0.0025767
61966,0.002641
62070,0.0028519
62175,0.0025674
62279,0.0025664
62383,0.0024332
62487,0.002381
62591,0.0025151
62695,0.0024173
62799,0.0023807
62904,0.0023659
63008,0.0022681
63112,0.0024159
63216,0.0022576
63320,0.0023086
63424,0.0022291
63528,0.0023206
63633,0.0023054
63737,0.0022272
63841,0.002287
63945,0.0022515
64049,0.0021809
64153,0.002119
64257,0.0021807
64362,0.0022707
64466,0.0021744
64570,0.0021697
64674,0.0021186
64778,0.0021113
64882,0.0020425
64986,0.0021997
65091,0.0021205
65195,0.0021974
65299,0.0021356
65403,0.0020434
65507,0.0020462
65611,0.0020751
65715,0.002078
65820,0.0020755
65924,0.0021415
66028,0.0020848
66132,0.002069
66236,0.0020919
66340,0.002073
66444,0.0020715
66549,0.0020471
66653,0.0020386
66757,0.0021144
66861,0.0020285
66965,0.0020561
67069,0.0019891
67174,0.0019706
67278,0.001991
67382,0.0020168
67486,0.0019988
67590,0.0019916
67694,0.002015
67798,0.001959
67903,0.0019338
68007,0.001998
68111,0.0020057
68215,0.0019791
68319,0.0019906
68423,0.0019709
68527,0.0019494
68632,0.0020442
68736,0.0019739
68840,0.001989
68944,0.0019606
69048,0.0019601
69152,0.0019768
69256,0.0019656
69361,0.0019415
69465,0.0019481
69569,0.0019063
69673,0.0019381
69777,0.0019353
69881,0.0019448
69985,0.0019174
70090,0.001886
70194,0.0019161
70298,0.0018841
70402,0.0019197
70506,0.0018975
70610,0.0019273
70714,0.0018966
70819,0.0018823
70923,0.0019257
71027,0.0018632
71131,0.0018913
71235,0.0018956
71339,0.0018422
71443,0.0018858
71548,0.0018971
71652,0.0018354
71756,0.0018554
71860,0.0018783
71964,0.0018787
72068,0.0018517
72172,0.0018926
72277,0.0018815
72381,0.0018641
72485,0.0018873
72589,0.0018336
72693,0.0018339
72797,0.0018425
72901,0.0018528
73006,0.0018444
73110,0.001841
73214,0.0018551
73318,0.0018197
73422,0.0018637
73526,0.0018318
73630,0.0018207
73735,0.0018458
73839,0.0018227
73943,0.0018181
74047,0.0018086
74151,0.0018326
74255,0.0018339
74360,0.0018077
74464,0.0017914
74568,0.0017782
74672,0.0018019
74776,0.0017976
74880,0.0018057
74984,0.0017724
75089,0.0017992
75193,0.0017782
75297,0.0017776
75401,0.0017899
75505,0.0017997
75609,0.0017925
75713,0.0017734
75818,0.0017918
75922,0.0017792
76026,0.0017856
76130,0.0017568
76234,0.0017778
76338,0.0017706
76442,0.0017868
76547,0.0017745
76651,0.0017808
76755,0.0017776
76859,0.001775
76963,0.001771
77067,0.0017759
77171,0.0017506
77276,0.0017606
77380,0.0017637
77484,0.0017776
77588,0.0017625
77692,0.0017836
77796,0.0017803
77900,0.0017913
78005,0.001808
78109,0.0017884
78213,0.0018155
78317,0.0018154
78421,0.001829
78525,0.0018224
78629,0.0018719
78734,0.0018774
78838,0.0019256
78942,0.0019794
79046,0.002018
79150,0.0021173
79254,0.0021701
79358,0.0023176
79463,0.0025238
79567,0.0028291
79671,0.0034708
79775,0.004633
79879,0.0080612
79983,0.045668
80087,0.012083
80192,0.0053855
80296,0.0036481
80400,0.0028374
80504,0.0024752
80608,0.0022044
80712,0.0020636
80816,0.0019775
80921,0.0018689
81025,0.0018278
81129,0.0017739
81233,0.0017275
81337,0.0017159
81441,0.0016798
81546,0.0016834
81650,0.0016649
81754,0.001656
81858,0.0016467
81962,0.0016401
82066,0.0016192
82170,0.0016151
82275,0.0016075
82379,0.0015989
82483,0.0016037
82587,0.0015925
82691,0.0015883
82795,0.0015857
82899,0.0015895
83004,0.0015808
83108,0.0015727
83212,0.0015752
83316,0.0015703
83420,0.0015619
83524,0.0015557
83628,0.001549
83733,0.0015499
83837,0.001544
83941,0.0015465
84045,0.0015417
84149,0.0015417
84253,0.0015275
84357,0.0015366
84462,0.0015371
84566,0.0015304
84670,0.0015236
84774,0.0015256
84878,0.001523
84982,0.0015143
85086,0.0015201
85191,0.0015116
85295,0.0015123
85399,0.0015045
85503,0.0015113
85607,0.0015111
85711,0.0015078
85815,0.0015013
85920,0.0014969
86024,0.001497
86128,0.0014917
86232,0.001491
86336,0.0014877
86440,0.0014906
86544,0.0014867
86649,0.0014751
86753,0.0014802
86857,0.0014748
86961,0.001475
87065,0.0014731
87169,0.0014669
87273,0.0014657
87378,0.0014645
87482,0.0014602
87586,0.0014601
87690,0.0014592
87794,0.001455
87898,0.0014517
88002,0.0014502
88107,0.001447
88211,0.0014451
88315,0.0014437
88419,0.0014461
88523,0.0014377
88627,0.0014346
88732,0.0014371
88836,0.0014352
88940,0.0014295
89044,0.0014311
89148,0.0014254
89252,0.0014249
89356,0.0014258
89461,0.0014189
89565,0.001418
89669,0.0014127
89773,0.0014145
89877,0.0014096
89981,0.0014133
90085,0.0014137
90190,0.0014044
90294,0.0014038
90398,0.0014001
90502,0.0014014
90606,0.0013976
90710,0.0013964
90814,0.0013938
90919,0.0013908
91023,0.0013896
91127,0.0013888
91231,0.0013868
91335,0.0013869
91439,0.0013777
91543,0.0013792
91648,0.0013792
91752,0.0013735
91856,0.0013734
91960,0.0013696
92064,0.001366
92168,0.0013654
92272,0.0013659
92377,0.0013618
92481,0.0013614
92585,0.0013565
92689,0.0013562
92793,0.0013545
92897,0.0013533
93001,0.001353
93106,0.0013485
93210,0.00135
93314,0.0013434
93418,0.0013433
93522,0.0013433
93626,0.0013381
93730,0.0013372
93835,0.0013351
93939,0.0013339
94043,0.0013337
94147,0.0013273
94251,0.0013263
94355,0.001325
94459,0.0013223
94564,0.0013219
94668,0.0013211
94772,0.0013198
94876,0.0013153
94980,0.0013146
95084,0.001309
95189,0.0013106
95293,0.0013076
95397,0.0013063
95501,0.0013058
95605,0.0013033
95709,0.0013008
95813,0.001299
95918,0.0012965
96022,0.0012966
96126,0.0012936
96230,0.0012899
96334,0.0012894
96438,0.0012874
96542,0.001284
96647,0.0012836
96751,0.0012808
96855,0.0012791
96959,0.0012757
97063,0.0012752
97167,0.0012747
97271,0.0012721
97376,0.0012695
97480,0.0012652
97584,0.0012652
97688,0.0012631
97792,0.0012612
97896,0.00126
98000,0.0012529
98105,0.0012535
98209,0.0012521
98313,0.0012494
98417,0.001246
98521,0.0012419
98625,0.0012392
98729,0.0012375
98834,0.0012322
98938,0.0012289
99042,0.0012239
99146,0.0012199
99250,0.0012162
99354,0.0012111
99458,0.0011988
99563,0.0011906
99667,0.0011663
99771,0.0011333
99875,0.0010491
99979,0.00023785
1.0008e+05,0.0015869
1.0019e+05,0.0013729
1.0029e+05,0.0013255
1.004e+05,0.0012997
1.005e+05,0.0012801
1.006e+05,0.0012739
1.0071e+05,0.0012601
1.0081e+05,0.0012553
1.0092e+05,0.0012523
1.0102e+05,0.0012459
1.0112e+05,0.0012428
1.0123e+05,0.0012403
1.0133e+05,0.0012358
1.0144e+05,0.001233
1.0154e+05,0.0012305
1.0165e+05,0.0012269
1.0175e+05,0.0012247
1.0185e+05,0.0012214
1.0196e+05,0.0012214
1.0206e+05,0.0012202
1.0217e+05,0.001216
1.0227e+05,0.0012144
1.0237e+05,0.0012122
1.0248e+05,0.0012099
1.0258e+05,0.0012091
1.0269e+05,0.0012069
1.0279e+05,0.0012047
1.029e+05,0.0012029
1.03e+05,0.0012004
1.031e+05,0.0011997
1.0321e+05,0.0011972
1.0331e+05,0.0011953
1.0342e+05,0.0011938
1.0352e+05,0.001193
1.0362e+05,0.0011918
1.0373e+05,0.0011892
1.0383e+05,0.001189
1.0394e+05,0.0011863
1.0404e+05,0.0011837
1.0414e+05,0.0011829
1.0425e+05,0.0011814
1.0435e+05,0.0011812
1.0446e+05,0.0011783
1.0456e+05,0.0011773
1.0467e+05,0.0011751
1.0477e+05,0.001173
1.0487e+05,0.0011711
1.0498e+05,0.0011717
1.0508e+05,0.0011688
1.0519e+05,0.0011681
1.0529e+05,0.0011666
1.0539e+05,0.0011641
1.055e+05,0.0011627
1.056e+05,0.001162
1.0571e+05,0.0011606
1.0581e+05,0.0011587
1.0592e+05,0.0011574
1.0602e+05,0.0011565
1.0612e+05,0.0011548
1.0623e+05,0.0011536
1.0633e+05,0.0011519
1.0644e+05,0.00115
1.0654e+05,0.0011491
1.0664e+05,0.0011479
1.0675e+05,0.0011467
1.0685e+05,0.001145
1.0696e+05,0.0011439
1.0706e+05,0.0011414
1.0717e+05,0.0011401
1.0727e+05,0.0011394
1.0737e+05,0.0011381
1.0748e+05,0.0011364
1.0758e+05,0.0011352
1.0769e+05,0.001134
1.0779e+05,0.0011322
1.0789e+05,0.0011306
1.08e+05,0.0011304
1.081e+05,0.0011291
1.0821e+05,0.0011274
1.0831e+05,0.0011266
1.0841e+05,0.0011243
1.0852e+05,0.0011234
1.0862e+05,0.0011228
1.0873e+05,0.0011208
1.0883e+05,0.0011195
1.0894e+05,0.001118
1.0904e+05,0.0011166
1.0914e+05,0.0011158
1.0925e+05,0.0011143
1.0935e+05,0.0011129
1.0946e+05,0.0011119
1.0956e+05,0.0011103
1.0966e+05,0.001109
1.0977e+05,0.0011079
1.0987e+05,0.0011065
1.0998e+05,0.0011055
1.1008e+05,0.0011039
1.1019e+05,0.0011025
1.1029e+05,0.0011017
1.1039e+05,0.0011005
1.105e+05,0.0010987
1.106e+05,0.0010981
1.1071e+05,0.0010967
1.1081e+05,0.0010952
1.1091e+05,0.0010945
1.1102e+05,0.0010927
1.1112e+05,0.0010921
1.1123e+05,0.0010907
1.1133e+05,0.0010887
1.1144e+05,0.0010884
1.1154e+05,0.001087
1.1164e+05,0.0010859
1.1175e+05,0.0010845
1.1185e+05,0.0010837
1.1196e+05,0.0010822
1.1206e+05,0.0010806
1.1216e+05,0.0010801
1.1227e+05,0.0010784
1.1237e+05,0.0010776
1.1248e+05,0.0010766
1.1258e+05,0.0010751
1.1268e+05,0.0010737
1.1279e+05,0.0010728
1.1289e+05,0.0010716
1.13e+05,0.0010704
1.131e+05,0.0010693
1.1321e+05,0.0010682
1.1331e+05,0.0010665
1.1341e+05,0.001066
1.1352e+05,0.0010645
1.1362e+05,0.0010637
1.1373e+05,0.0010627
1.1383e+05,0.0010612
1.1393e+05,0.0010601
1.1404e+05,0.0010588
1.1414e+05,0.0010583
1.1425e+05,0.0010571
1.1435e+05,0.0010553
1.1446e+05,0.0010542
1.1456e+05,0.0010534
1.1466e+05,0.0010522
1.1477e+05,0.0010511
1.1487e+05,0.0010501
1.1498e+05,0.0010487
1.1508e+05,0.0010476
1.1518e+05,0.0010465
1.1529e+05,0.0010455
1.1539e+05,0.0010445
1.155e+05,0.0010434
1.156e+05,0.0010423
1.1571e+05,0.0010415
1.1581e+05,0.0010403
1.1591e+05,0.0010393
1.1602e+05,0.0010384
1.1612e+05,0.0010366
1.1623e+05,0.0010359
1.1633e+05,0.0010346
1.1643e+05,0.0010339
1.1654e+05,0.0010327
1.1664e+05,0.0010315
1.1675e+05,0.0010304
1.1685e+05,0.0010294
1.1695e+05,0.0010283
1.1706e+05,0.0010275
1.1716e+05,0.0010262
1.1727e+05,0.001025
1.1737e+05,0.001024
1.1748e+05,0.001023
1.1758e+05,0.0010221
1.1768e+05,0.0010208
1.1779e+05,0.0010199
1.1789e+05,0.0010187
1.18e+05,0.0010178
1.181e+05,0.0010165
1.182e+05,0.0010154
1.1831e+05,0.0010144
1.1841e+05,0.0010131
1.1852e+05,0.0010119
1.1862e+05,0.0010109
1.1873e+05,0.0010099
1.1883e+05,0.0010086
1.1893e+05,0.0010077
1.1904e+05,0.0010061
1.1914e+05,0.0010052
1.1925e+05,0.0010036
1.1935e+05,0.0010017
1.1945e+05,0.0010002
1.1956e+05,0.00099808
1.1966e+05,0.00099562
1.1977e+05,0.00099147
1.1987e+05,0.00098266
1.1998e+05,0.00094965
1.2008e+05,0.0010411
1.2018e+05,0.0010138
1.2029e+05,0.0010066
1.2039e+05,0.0010029
1.205e+05,0.0010007
1.206e+05,0.00099847
1.207e+05,0.00099709
1.2081e+05,0.00099588
1.2091e+05,0.00099432
1.2102e+05,0.00099329
1.2112e+05,0.00099215
1.2122e+05,0.00099074
1.2133e+05,0.00098981
1.2143e+05,0.00098849
1.2154e+05,0.00098765
1.2164e+05,0.00098645
1.2175e+05,0.00098551
1.2185e+05,0.00098449
1.2195e+05,0.00098352
1.2206e+05,0.00098259
1.2216e+05,0.0009815
1.2227e+05,0.0009806
1.2237e+05,0.00097956
1.2247e+05,0.00097888
1.2258e+05,0.00097767
1.2268e+05,0.00097681
1.2279e+05,0.00097581
1.2289e+05,0.00097497
1.23e+05,0.000974
1.231e+05,0.00097303
1.232e+05,0.00097205
1.2331e+05,0.00097125
1.2341e+05,0.00097018
1.2352e+05,0.00096936
1.2362e+05,0.0009685
1.2372e+05,0.00096754
1.2383e+05,0.00096667
1.2393e+05,0.00096567
1.2404e+05,0.0009649
1.2414e+05,0.00096402
1.2424e+05,0.00096303
1.2435e+05,0.00096232
1.2445e+05,0.00096142
1.2456e+05,0.0009605
1.2466e+05,0.00095957
1.2477e+05,0.0009588
1.2487e+05,0.00095771
1.2497e+05,0.00095696
1.2508e+05,0.00095612
1.2518e+05,0.00095522
1.2529e+05,0.0009544
1.2539e+05,0.00095343
1.2549e+05,0.00095272
1.256e+05,0.00095186
1.257e+05,0.00095093
1.2581e+05,0.00095015
1.2591e+05,0.00094933
1.2602e+05,0.00094841
1.2612e+05,0.00094757
1.2622e+05,0.00094672
1.2633e+05,0.00094599
1.2643e+05,0.00094518
1.2654e+05,0.00094422
1.2664e+05,0.00094332
1.2674e+05,0.0009425
1.2685e+05,0.00094176
1.2695e+05,0.00094096
1.2706e+05,0.00094013
1.2716e+05,0.00093921
1.2727e+05,0.00093842
1.2737e+05,0.00093759
1.2747e+05,0.00093683
1.2758e+05,0.00093603
1.2768e+05,0.0009353
1.2779e+05,0.00093438
1.2789e+05,0.00093362
1.2799e+05,0.00093272
1.281e+05,0.00093199
1.282e+05,0.0009312
1.2831e+05,0.00093043
1.2841e+05,0.00092962
1.2851e+05,0.00092875
1.2862e+05,0.00092805
1.2872e+05,0.00092719
1.2883e+05,0.00092644
1.2893e+05,0.00092566
1.2904e+05,0.00092487
1.2914e+05,0.00092404
1.2924e+05,0.0009233
1.2935e+05,0.00092256
1.2945e+05,0.00092177
1.2956e+05,0.00092095
1.2966e+05,0.00092015
1.2976e+05,0.00091947
1.2987e+05,0.00091864
1.2997e+05,0.00091792
1.3008e+05,0.00091719
1.3018e+05,0.00091632
1.3029e+05,0.00091558
1.3039e+05,0.00091483
1.3049e+05,0.00091408
1.306e+05,0.00091332
1.307e+05,0.00091257
1.3081e+05,0.0009118
1.3091e+05,0.00091108
1.3101e+05,0.0009103
1.3112e+05,0.00090957
1.3122e+05,0.00090883
1.3133e+05,0.00090811
1.3143e+05,0.00090729
1.3154e+05,0.00090663
1.3164e+05,0.00090586
1.3174e+05,0.00090513
1.3185e+05,0.00090438
1.3195e+05,0.00090363
1.3206e+05,0.00090293
1.3216e+05,0.00090217
1.3226e+05,0.00090146
1.3237e+05,0.00090071
1.3247e+05,0.0009
1.3258e+05,0.00089928
1.3268e+05,0.00089855
1.3278e+05,0.00089787
1.3289e+05,0.00089716
1.3299e+05,0.0008964
1.331e+05,0.00089569
1.332e+05,0.00089499
1.3331e+05,0.00089426
1.3341e+05,0.00089359
1.3351e+05,0.0008929
1.3362e+05,0.00089211
1.3372e+05,0.00089141
1.3383e+05,0.00089075
1.3393e+05,0.00089007
1.3403e+05,0.00088938
1.3414e+05,0.00088861
1.3424e+05,0.00088794
1.3435e+05,0.00088725
1.3445e+05,0.00088656
1.3456e+05,0.00088589
1.3466e+05,0.00088522
1.3476e+05,0.00088452
1.3487e+05,0.00088382
1.3497e+05,0.00088311
1.3508e+05,0.00088241
1.3518e+05,0.00088178
1.3528e+05,0.00088106
1.3539e+05,0.00088041
1.3549e+05,0.00087972
1.356e+05,0.00087904
1.357e+05,0.0008784
1.3581e+05,0.00087773
1.3591e+05,0.00087704
1.3601e+05,0.00087638
1.3612e+05,0.00087571
1.3622e+05,0.00087505
1.3633e+05,0.00087437
1.3643e+05,0.00087373
1.3653e+05,0.00087305
1.3664e+05,0.00087239
1.3674e+05,0.00087174
1.3685e+05,0.00087105
1.3695e+05,0.0008704
1.3705e+05,0.00086977
1.3716e+05,0.00086913
1.3726e+05,0.00086846
1.3737e+05,0.00086781
1.3747e+05,0.00086715
1.3758e+05,0.0008665
1.3768e+05,0.00086586
1.3778e+05,0.00086522
1.3789e+05,0.00086458
1.3799e+05,0.00086388
1.381e+05,0.0008633
1.382e+05,0.00086264
1.383e+05,0.000862
1.3841e+05,0.00086136
1.3851e+05,0.0008607
1.3862e+05,0.00086006
1.3872e+05,0.00085945
1.3883e+05,0.0008588
1.3893e+05,0.00085816
1.3903e+05,0.00085748
1.3914e+05,0.0008569
1.3924e+05,0.00085624
1.3935e+05,0.00085561
1.3945e+05,0.00085495
1.3955e+05,0.00085429
1.3966e+05,0.00085355
1.3976e+05,0.00085277
1.3987e+05,0.00085162
1.3997e+05,0.00084833
1.4007e+05,0.00085248
1.4018e+05,0.00085152
1.4028e+05,0.00085076
1.4039e+05,0.00085002
1.4049e+05,0.00084931
1.406e+05,0.0008487
1.407e+05,0.00084801
1.408e+05,0.00084741
1.4091e+05,0.0008468
1.4101e+05,0.00084618
1.4112e+05,0.00084557
1.4122e+05,0.00084498
1.4132e+05,0.00084435
1.4143e+05,0.00084375
1.4153e+05,0.00084315
1.4164e+05,0.00084254
1.4174e+05,0.00084196
1.4185e+05,0.00084136
1.4195e+05,0.0008408
1.4205e+05,0.00084019
1.4216e+05,0.0008396
1.4226e+05,0.00083902
1.4237e+05,0.00083844
1.4247e+05,0.00083784
1.4257e+05,0.00083727
1.4268e+05,0.00083669
1.4278e+05,0.00083611
1.4289e+05,0.00083553
1.4299e+05,0.00083493
1.431e+05,0.00083436
1.432e+05,0.00083379
1.433e+05,0.00083323
1.4341e+05,0.00083267
1.4351e+05,0.0008321
1.4362e+05,0.00083154
1.4372e+05,0.00083096
1.4382e+05,0.00083041
1.4393e+05,0.00082983
1.4403e+05,0.00082925
1.4414e+05,0.0008287
1.4424e+05,0.00082816
1.4434e+05,0.0008276
1.4445e+05,0.00082703
1.4455e+05,0.00082649
1.4466e+05,0.00082592
1.4476e+05,0.00082536
1.4487e+05,0.0008248
1.4497e+05,0.00082428
1.4507e+05,0.00082371
1.4518e+05,0.00082317
1.4528e+05,0.00082263
1.4539e+05,0.00082207
1.4549e+05,0.00082152
1.4559e+05,0.00082099
1.457e+05,0.00082044
1.458e+05,0.00081989
1.4591e+05,0.00081934
1.4601e+05,0.00081883
1.4612e+05,0.00081828
1.4622e+05,0.00081774
1.4632e+05,0.0008172
1.4643e+05,0.00081666
1.4653e+05,0.00081614
1.4664e+05,0.00081561
1.4674e+05,0.00081508
1.4684e+05,0.00081455
1.4695e+05,0.00081403
1.4705e+05,0.00081349
1.4716e+05,0.00081296
1.4726e+05,0.00081244
1.4737e+05,0.00081192
1.4747e+05,0.00081139
1.4757e+05,0.00081087
1.4768e+05,0.00081035
1.4778e+05,0.00080983
1.4789e+05,0.00080931
1.4799e+05,0.0008088
1.4809e+05,0.00080829
1.482e+05,0.00080777
1.483e+05,0.00080726
1.4841e+05,0.00080674
1.4851e+05,0.00080623
1.4861e+05,0.00080572
1.4872e+05,0.00080522
1.4882e+05,0.0008047
1.4893e+05,0.00080419
1.4903e+05,0.00080369
1.4914e+05,0.00080318
1.4924e+05,0.00080268
1.4934e+05,0.00080218
1.4945e+05,0.00080168
1.4955e+05,0.00080118
1.4966e+05,0.00080067
1.4976e+05,0.00080017
1.4986e+05,0.00079968
1.4997e+05,0.00079919
1.5007e+05,0.00079869
1.5018e+05,0.00079819
1.5028e+05,0.0007977
1.5039e+05,0.00079721
1.5049e+05,0.00079672
1.5059e+05,0.00079623
1.507e+05,0.00079574
1.508e+05,0.00079525
1.5091e+05,0.00079477
1.5101e+05,0.00079428
1.5111e+05,0.0007938
1.5122e+05,0.00079332
1.5132e+05,0.00079283
1.5143e+05,0.00079235
1.5153e+05,0.00079187
1.5164e+05,0.0007914
1.5174e+05,0.00079091
1.5184e+05,0.00079044
1.5195e+05,0.00078995
1.5205e+05,0.00078948
1.5216e+05,0.00078901
1.5226e+05,0.00078854
1.5236e+05,0.00078806
1.5247e+05,0.00078759
1.5257e+05,0.00078712
1.5268e+05,0.00078666
1.5278e+05,0.00078619
1.5288e+05,0.00078572
1.5299e+05,0.00078526
1.5309e+05,0.00078479
1.532e+05,0.00078432
1.533e+05,0.00078386
1.5341e+05,0.0007834
1.5351e+05,0.00078294
1.5361e+05,0.00078249
1.5372e+05,0.00078202
1.5382e+05,0.00078156
1.5393e+05,0.00078111
1.5403e+05,0.00078065
1.5413e+05,0.0007802
1.5424e+05,0.00077975
1.5434e+05,0.00077928
1.5445e+05,0.00077884
1.5455e+05,0.00077839
1.5466e+05,0.00077794
1.5476e+05,0.00077748
1.5486e+05,0.00077704
1.5497e+05,0.00077659
1.5507e+05,0.00077614
1.5518e+05,0.0007757
1.5528e+05,0.00077526
1.5538e+05,0.00077481
1.5549e+05,0.00077437
1.5559e+05,0.00077393
1.557e+05,0.00077349
1.558e+05,0.00077305
1.5591e+05,0.00077261
1.5601e+05,0.00077217
1.5611e+05,0.00077173
1.5622e+05,0.0007713
1.5632e+05,0.00077086
1.5643e+05,0.00077043
1.5653e+05,0.00077
1.5663e+05,0.00076956
1.5674e+05,0.00076913
1.5684e+05,0.00076871
1.5695e+05,0.00076827
1.5705e+05,0.00076785
1.5715e+05,0.00076742
1.5726e+05,0.00076699
1.5736e+05,0.00076657
1.5747e+05,0.00076614
1.5757e+05,0.00076572
1.5768e+05,0.00076529
1.5778e+05,0.00076487
1.5788e+05,0.00076445
1.5799e+05,0.00076403
1.5809e+05,0.00076361
1.582e+05,0.0007632
1.583e+05,0.00076278
1.584e+05,0.00076236
1.5851e+05,0.00076195
1.5861e+05,0.00076153
1.5872e+05,0.00076113
1.5882e+05,0.00076071
1.5893e+05,0.00076031
1.5903e+05,0.00075989
1.5913e+05,0.00075949
1.5924e+05,0.00075908
1.5934e+05,0.00075868
1.5945e+05,0.00075827
1.5955e+05,0.00075788
1.5965e+05,0.00075749
1.5976e+05,0.00075712
1.5986e+05,0.00075681
1.5997e+05,0.00075723
1.6007e+05,0.00075541
1.6017e+05,0.00075523
1.6028e+05,0.00075489
1.6038e+05,0.00075452
1.6049e+05,0.00075413
1.6059e+05,0.00075374
1.607e+05,0.00075335
1.608e+05,0.00075296
1.609e+05,0.00075257
1.6101e+05,0.00075218
1.6111e+05,0.00075179
1.6122e+05,0.0007514
1.6132e+05,0.00075101
1.6142e+05,0.00075061
1.6153e+05,0.00075022
1.6163e+05,0.00074983
1.6174e+05,0.00074944
1.6184e+05,0.00074906
1.6195e+05,0.00074867
1.6205e+05,0.00074829
1.6215e+05,0.0007479
1.6226e+05,0.00074752
1.6236e+05,0.00074713
1.6247e+05,0.00074675
1.6257e+05,0.00074636
1.6267e+05,0.00074598
1.6278e+05,0.0007456
1.6288e+05,0.00074522
1.6299e+05,0.00074484
1.6309e+05,0.00074446
1.632e+05,0.00074409
1.633e+05,0.00074371
1.634e+05,0.00074333
1.6351e+05,0.00074296
1.6361e+05,0.00074258
1.6372e+05,0.00074221
1.6382e+05,0.00074184
1.6392e+05,0.00074146
1.6403e+05,0.00074109
1.6413e+05,0.00074072
1.6424e+05,0.00074035
1.6434e+05,0.00073998
1.6444e+05,0.00073961
1.6455e+05,0.00073924
1.6465e+05,0.00073888
1.6476e+05,0.00073851
1.6486e+05,0.00073814
1.6497e+05,0.00073778
1.6507e+05,0.00073742
1.6517e+05,0.00073706
1.6528e+05,0.00073669
1.6538e+05,0.00073633
1.6549e+05,0.00073597
1.6559e+05,0.00073561
1.6569e+05,0.00073525
1.658e+05,0.00073489
1.659e+05,0.00073454
1.6601e+05,0.00073418
1.6611e+05,0.00073382
1.6622e+05,0.00073347
1.6632e+05,0.00073311
1.6642e+05,0.00073276
1.6653e+05,0.0007324
1.6663e+05,0.00073205
1.6674e+05,0.0007317
1.6684e+05,0.00073135
1.6694e+05,0.000731
1.6705e+05,0.00073065
1.6715e+05,0.0007303
1.6726e+05,0.00072995
1.6736e+05,0.0007296
1.6747e+05,0.00072926
1.6757e+05,0.00072891
1.6767e+05,0.00072857
1.6778e+05,0.00072822
1.6788e+05,0.00072788
1.6799e+05,0.00072754
1.6809e+05,0.00072719
1.6819e+05,0.00072685
1.683e+05,0.00072651
1.684e+05,0.00072617
1.6851e+05,0.00072583
1.6861e+05,0.00072549
1.6871e+05,0.00072515
1.6882e+05,0.00072482
1.6892e+05,0.00072448
1.6903e+05,0.00072415
1.6913e+05,0.00072381
1.6924e+05,0.00072348
1.6934e+05,0.00072314
1.6944e+05,0.00072281
1.6955e+05,0.00072248
1.6965e+05,0.00072215
1.6976e+05,0.00072182
1.6986e+05,0.00072149
1.6996e+05,0.00072116
1.7007e+05,0.00072083
1.7017e+05,0.0007205
1.7028e+05,0.00072017
1.7038e+05,0.00071985
1.7049e+05,0.00071952
1.7059e+05,0.00071919
1.7069e+05,0.00071887
1.708e+05,0.00071855
1.709e+05,0.00071822
1.7101e+05,0.0007179
1.7111e+05,0.00071758
1.7121e+05,0.00071726
1.7132e+05,0.00071694
1.7142e+05,0.00071662
1.7153e+05,0.0007163
1.7163e+05,0.00071598
1.7174e+05,0.00071566
1.7184e+05,0.00071534
1.7194e+05,0.00071503
1.7205e+05,0.00071471
1.7215e+05,0.0007144
1.7226e+05,0.00071408
1.7236e+05,0.00071377
1.7246e+05,0.00071346
1.7257e+05,0.00071314
1.7267e+05,0.00071283
1.7278e+05,0.00071252
1.7288e+05,0.00071221
1.7298e+05,0.0007119
1.7309e+05,0.00071159
1.7319e+05,0.00071128
1.733e+05,0.00071098
1.734e+05,0.00071067
1.7351e+05,0.00071036
1.7361e+05,0.00071006
1.7371e+05,0.00070975
1.7382e+05,0.00070945
1.7392e+05,0.00070915
1.7403e+05,0.00070884
1.7413e+05,0.00070854
1.7423e+05,0.00070824
1.7434e+05,0.00070794
1.7444e+05,0.00070764
1.7455e+05,0.00070734
1.7465e+05,0.00070704
1.7476e+05,0.00070674
1.7486e+05,0.00070644
1.7496e+05,0.00070614
1.7507e+05,0.00070585
1.7517e+05,0.00070555
1.7528e+05,0.00070525
1.7538e+05,0.00070496
1.7548e+05,0.00070467
1.7559e+05,0.00070437
1.7569e+05,0.00070408
1.758e+05,0.00070379
1.759e+05,0.0007035
1.76e+05,0.0007032
1.7611e+05,0.00070291
1.7621e+05,0.00070263
1.7632e+05,0.00070234
1.7642e+05,0.00070205
1.7653e+05,0.00070176
1.7663e+05,0.00070147
1.7673e+05,0.00070119
1.7684e+05,0.0007009
1.7694e+05,0.00070061
1.7705e+05,0.00070033
1.7715e+05,0.00070005
1.7725e+05,0.00069976
1.7736e+05,0.00069948
1.7746e+05,0.0006992
1.7757e+05,0.00069891
1.7767e+05,0.00069863
1.7778e+05,0.00069835
1.7788e+05,0.00069807
1.7798e+05,0.00069779
1.7809e+05,0.00069752
1.7819e+05,0.00069724
1.783e+05,0.00069696
1.784e+05,0.00069668
1.785e+05,0.00069641
1.7861e+05,0.00069613
1.7871e+05,0.00069586
1.7882e+05,0.00069558
1.7892e+05,0.00069531
1.7903e+05,0.00069504
1.7913e+05,0.00069476
1.7923e+05,0.00069449
1.7934e+05,0.00069422
1.7944e+05,0.00069395
1.7955e+05,0.00069368
1.7965e+05,0.00069341
1.7975e+05,0.00069314
1.7986e+05,0.00069288
1.7996e+05,0.00069266
1.8007e+05,0.00069233
1.8017e+05,0.00069206
1.8027e+05,0.0006918
1.8038e+05,0.00069153
1.8048e+05,0.00069127
1.8059e+05,0.000691
1.8069e+05,0.00069074
1.808e+05,0.00069048
1.809e+05,0.00069021
1.81e+05,0.00068995
1.8111e+05,0.00068969
1.8121e+05,0.00068943
1.8132e+05,0.00068917
1.8142e+05,0.00068891
1.8152e+05,0.00068865
1.8163e+05,0.00068839
1.8173e+05,0.00068813
1.8184e+05,0.00068788
1.8194e+05,0.00068762
1.8205e+05,0.00068736
1.8215e+05,0.00068711
1.8225e+05,0.00068685
1.8236e+05,0.0006866
1.8246e+05,0.00068634
1.8257e+05,0.00068609
1.8267e+05,0.00068584
1.8277e+05,0.00068558
1.8288e+05,0.00068533
1.8298e+05,0.00068508
1.8309e+05,0.00068483
1.8319e+05,0.00068458
1.833e+05,0.00068433
1.834e+05,0.00068408
1.835e+05,0.00068383
1.8361e+05,0.00068358
1.8371e+05,0.00068334
1.8382e+05,0.00068309
1.8392e+05,0.00068284
1.8402e+05,0.0006826
1.8413e+05,0.00068235
1.8423e+05,0.00068211
1.8434e+05,0.00068186
1.8444e+05,0.00068162
1.8454e+05,0.00068138
1.8465e+05,0.00068113
1.8475e+05,0.00068089
1.8486e+05,0.00068065
1.8496e+05,0.00068041
1.8507e+05,0.00068017
1.8517e+05,0.00067993
1.8527e+05,0.00067969
1.8538e+05,0.00067945
1.8548e+05,0.00067921
1.8559e+05,0.00067897
1.8569e+05,0.00067874
1.8579e+05,0.0006785
1.859e+05,0.00067826
1.86e+05,0.00067803
1.8611e+05,0.00067779
1.8621e+05,0.00067756
1.8632e+05,0.00067732
1.8642e+05,0.00067709
1.8652e+05,0.00067686
1.8663e+05,0.00067663
1.8673e+05,0.00067639
1.8684e+05,0.00067616
1.8694e+05,0.00067593
1.8704e+05,0.0006757
1.8715e+05,0.00067547
1.8725e+05,0.00067524
1.8736e+05,0.00067501
1.8746e+05,0.00067478
1.8757e+05,0.00067456
1.8767e+05,0.00067433
1.8777e+05,0.0006741
1.8788e+05,0.00067388
1.8798e+05,0.00067365
1.8809e+05,0.00067343
1.8819e+05,0.0006732
1.8829e+05,0.00067298
1.884e+05,0.00067275
1.885e+05,0.00067253
1.8861e+05,0.00067231
1.8871e+05,0.00067208
1.8881e+05,0.00067186
1.8892e+05,0.00067164
1.8902e+05,0.00067142
1.8913e+05,0.0006712
1.8923e+05,0.00067098
1.8934e+05,0.00067076
1.8944e+05,0.00067054
1.8954e+05,0.00067033
1.8965e+05,0.00067011
1.8975e+05,0.00066989
1.8986e+05,0.00066967
1.8996e+05,0.00066946
1.9006e+05,0.00066924
1.9017e+05,0.00066903
1.9027e+05,0.00066881
1.9038e+05,0.0006686
1.9048e+05,0.00066839
1.9059e+05,0.00066817
1.9069e+05,0.00066796
1.9079e+05,0.00066775
1.909e+05,0.00066754
1.91e+05,0.00066733
1.9111e+05,0.00066711
1.9121e+05,0.0006669
1.9131e+05,0.0006667
1.9142e+05,0.00066649
1.9152e+05,0.00066628
1.9163e+05,0.00066607
1.9173e+05,0.00066586
1.9184e+05,0.00066565
1.9194e+05,0.00066545
1.9204e+05,0.00066524
1.9215e+05,0.00066504
1.9225e+05,0.00066483
1.9236e+05,0.00066463
1.9246e+05,0.00066442
1.9256e+05,0.00066422
1.9267e+05,0.00066401
1.9277e+05,0.00066381
1.9288e+05,0.00066361
1.9298e+05,0.00066341
1.9308e+05,0.00066321
1.9319e+05,0.000663
1.9329e+05,0.0006628
1.934e+05,0.0006626
1.935e+05,0.00066241
1.9361e+05,0.00066221
1.9371e+05,0.00066201
1.9381e+05,0.00066181
1.9392e+05,0.00066161
1.9402e+05,0.00066141
1.9413e+05,0.00066122
1.9423e+05,0.00066102
1.9433e+05,0.00066083
1.9444e+05,0.00066063
1.9454e+05,0.00066044
1.9465e+05,0.00066024
1.9475e+05,0.00066005
1.9486e+05,0.00065985
1.9496e+05,0.00065966
1.9506e+05,0.00065947
1.9517e+05,0.00065928
1.9527e+05,0.00065909
1.9538e+05,0.00065889
1.9548e+05,0.0006587
1.9558e+05,0.00065851
1.9569e+05,0.00065832
1.9579e+05,0.00065814
1.959e+05,0.00065795
1.96e+05,0.00065776
1.961e+05,0.00065757
1.9621e+05,0.00065738
1.9631e+05,0.0006572
1.9642e+05,0.00065701
1.9652e+05,0.00065682
1.9663e+05,0.00065664
1.9673e+05,0.00065645
1.9683e+05,0.00065627
1.9694e+05,0.00065608
1.9704e+05,0.0006559
1.9715e+05,0.00065572
1.9725e+05,0.00065554
1.9735e+05,0.00065535
1.9746e+05,0.00065517
1.9756e+05,0.00065499
1.9767e+05,0.00065481
1.9777e+05,0.00065463
1.9788e+05,0.00065445
1.9798e+05,0.00065427
1.9808e+05,0.00065409
1.9819e+05,0.00065391
1.9829e+05,0.00065373
1.984e+05,0.00065355
1.985e+05,0.00065338
1.986e+05,0.0006532
1.9871e+05,0.00065302
1.9881e+05,0.00065285
1.9892e+05,0.00065267
1.9902e+05,0.0006525
1.9913e+05,0.00065232
1.9923e+05,0.00065215
1.9933e+05,0.00065197
1.9944e+05,0.0006518
1.9954e+05,0.00065163
1.9965e+05,0.00065146
1.9975e+05,0.00065128
1.9985e+05,0.00065111
1.9996e+05,0.00065095
2.0006e+05,0.00065076
2.0017e+05,0.0006506
2.0027e+05,0.00065043
2.0037e+05,0.00065026
2.0048e+05,0.00065009
2.0058e+05,0.00064992
2.0069e+05,0.00064975
2.0079e+05,0.00064958
2.009e+05,0.00064942
2.01e+05,0.00064925
2.011e+05,0.00064908
2.0121e+05,0.00064892
2.0131e+05,0.00064875
2.0142e+05,0.00064859
2.0152e+05,0.00064842
2.0162e+05,0.00064826
2.0173e+05,0.00064809
2.0183e+05,0.00064793
2.0194e+05,0.00064777
2.0204e+05,0.00064761
2.0215e+05,0.00064744
2.0225e+05,0.00064728
2.0235e+05,0.00064712
2.0246e+05,0.00064696
2.0256e+05,0.0006468
2.0267e+05,0.00064664
2.0277e+05,0.00064648
2.0287e+05,0.00064632
2.0298e+05,0.00064616
2.0308e+05,0.000646
2.0319e+05,0.00064584
2.0329e+05,0.00064569
2.034e+05,0.00064553
2.035e+05,0.00064537
2.036e+05,0.00064522
2.0371e+05,0.00064506
2.0381e+05,0.00064491
2.0392e+05,0.00064475
2.0402e+05,0.0006446
2.0412e+05,0.00064444
2.0423e+05,0.00064429
2.0433e+05,0.00064413
2.0444e+05,0.00064398
2.0454e+05,0.00064383
2.0464e+05,0.00064368
2.0475e+05,0.00064353
2.0485e+05,0.00064337
2.0496e+05,0.00064322
2.0506e+05,0.00064307
2.0517e+05,0.00064292
2.0527e+05,0.00064277
2.0537e+05,0.00064262
2.0548e+05,0.00064248
2.0558e+05,0.00064233
2.0569e+05,0.00064218
2.0579e+05,0.00064203
2.0589e+05,0.00064188
2.06e+05,0.00064174
2.061e+05,0.00064159
2.0621e+05,0.00064144
2.0631e+05,0.0006413
2.0642e+05,0.00064115
2.0652e+05,0.00064101
2.0662e+05,0.00064087
2.0673e+05,0.00064072
2.0683e+05,0.00064058
2.0694e+05,0.00064043
2.0704e+05,0.00064029
2.0714e+05,0.00064015
2.0725e+05,0.00064001
2.0735e+05,0.00063987
2.0746e+05,0.00063973
2.0756e+05,0.00063958
2.0767e+05,0.00063944
2.0777e+05,0.0006393
2.0787e+05,0.00063916
2.0798e+05,0.00063903
2.0808e+05,0.00063889
2.0819e+05,0.00063875
2.0829e+05,0.00063861
2.0839e+05,0.00063847
2.085e+05,0.00063834
2.086e+05,0.0006382
2.0871e+05,0.00063806
2.0881e+05,0.00063793
2.0891e+05,0.00063779
2.0902e+05,0.00063766
2.0912e+05,0.00063752
2.0923e+05,0.00063739
2.0933e+05,0.00063725
2.0944e+05,0.00063712
2.0954e+05,0.00063699
2.0964e+05,0.00063685
2.0975e+05,0.00063672
2.0985e+05,0.00063659
2.0996e+05,0.00063646
2.1006e+05,0.00063633
2.1016e+05,0.0006362
2.1027e+05,0.00063606
2.1037e+05,0.00063593
2.1048e+05,0.00063581
2.1058e+05,0.00063568
2.1069e+05,0.00063555
2.1079e+05,0.00063542
2.1089e+05,0.00063529
2.11e+05,0.00063516
2.111e+05,0.00063504
2.1121e+05,0.00063491
2.1131e+05,0.00063478
2.1141e+05,0.00063466
2.1152e+05,0.00063453
2.1162e+05,0.0006344
2.1173e+05,0.00063428
2.1183e+05,0.00063415
2.1194e+05,0.00063403
2.1204e+05,0.00063391
2.1214e+05,0.00063378
2.1225e+05,0.00063366
2.1235e+05,0.00063354
2.1246e+05,0.00063341
2.1256e+05,0.00063329
2.1266e+05,0.00063317
2.1277e+05,0.00063305
2.1287e+05,0.00063293
2.1298e+05,0.00063281
2.1308e+05,0.00063269
2.1318e+05,0.00063257
2.1329e+05,0.00063245
2.1339e+05,0.00063233
2.135e+05,0.00063221
2.136e+05,0.00063209
2.1371e+05,0.00063198
2.1381e+05,0.00063186
2.1391e+05,0.00063174
2.1402e+05,0.00063163
2.1412e+05,0.00063151
2.1423e+05,0.00063139
2.1433e+05,0.00063128
2.1443e+05,0.00063116
2.1454e+05,0.00063105
2.1464e+05,0.00063093
2.1475e+05,0.00063082
2.1485e+05,0.00063071
2.1496e+05,0.00063059
2.1506e+05,0.00063048
2.1516e+05,0.00063037
2.1527e+05,0.00063025
2.1537e+05,0.00063014
2.1548e+05,0.00063003
2.1558e+05,0.00062992
2.1568e+05,0.00062981
2.1579e+05,0.0006297
2.1589e+05,0.00062959
2.16e+05,0.00062948
2.161e+05,0.00062937
2.162e+05,0.00062926
2.1631e+05,0.00062915
2.1641e+05,0.00062904
2.1652e+05,0.00062894
2.1662e+05,0.00062883
2.1673e+05,0.00062872
2.1683e+05,0.00062862
2.1693e+05,0.00062851
2.1704e+05,0.0006284
2.1714e+05,0.0006283
2.1725e+05,0.00062819
2.1735e+05,0.00062809
2.1745e+05,0.00062798
2.1756e+05,0.00062788
2.1766e+05,0.00062778
2.1777e+05,0.00062767
2.1787e+05,0.00062757
2.1798e+05,0.00062747
2.1808e+05,0.00062736
2.1818e+05,0.00062726
2.1829e+05,0.00062716
2.1839e+05,0.00062706
2.185e+05,0.00062696
2.186e+05,0.00062686
2.187e+05,0.00062676
2.1881e+05,0.00062666
2.1891e+05,0.00062656
2.1902e+05,0.00062646
2.1912e+05,0.00062636
2.1923e+05,0.00062626
2.1933e+05,0.00062617
2.1943e+05,0.00062607
2.1954e+05,0.00062597
2.1964e+05,0.00062587
2.1975e+05,0.00062578
2.1985e+05,0.00062568
2.1995e+05,0.00062559
2.2006e+05,0.00062549
2.2016e+05,0.00062539
2.2027e+05,0.0006253
2.2037e+05,0.00062521
2.2047e+05,0.00062511
2.2058e+05,0.00062502
2.2068e+05,0.00062492
2.2079e+05,0.00062483
2.2089e+05,0.00062474
2.21e+05,0.00062465
2.211e+05,0.00062456
2.212e+05,0.00062446
2.2131e+05,0.00062437
2.2141e+05,0.00062428
2.2152e+05,0.00062419
2.2162e+05,0.0006241
2.2172e+05,0.00062401
2.2183e+05,0.00062392
2.2193e+05,0.00062383
2.2204e+05,0.00062374
2.2214e+05,0.00062366
2.2225e+05,0.00062357
2.2235e+05,0.00062348
2.2245e+05,0.00062339
2.2256e+05,0.00062331
2.2266e+05,0.00062322
2.2277e+05,0.00062313
2.2287e+05,0.00062305
2.2297e+05,0.00062296
2.2308e+05,0.00062288
2.2318e+05,0.00062279
2.2329e+05,0.00062271
2.2339e+05,0.00062262
2.235e+05,0.00062254
2.236e+05,0.00062246
2.237e+05,0.00062237
2.2381e+05,0.00062229
2.2391e+05,0.00062221
2.2402e+05,0.00062213
2.2412e+05,0.00062204
2.2422e+05,0.00062196
2.2433e+05,0.00062188
2.2443e+05,0.0006218
2.2454e+05,0.00062172
2.2464e+05,0.00062164
2.2474e+05,0.00062156
2.2485e+05,0.00062148
2.2495e+05,0.0006214
2.2506e+05,0.00062132
2.2516e+05,0.00062125
2.2527e+05,0.00062117
2.2537e+05,0.00062109
2.2547e+05,0.00062101
2.2558e+05,0.00062094
2.2568e+05,0.00062086
2.2579e+05,0.00062078
2.2589e+05,0.00062071
2.2599e+05,0.00062063
2.261e+05,0.00062056
2.262e+05,0.00062048
2.2631e+05,0.00062041
2.2641e+05,0.00062033
2.2652e+05,0.00062026
2.2662e+05,0.00062019
2.2672e+05,0.00062011
2.2683e+05,0.00062004
2.2693e+05,0.00061997
2.2704e+05,0.0006199
2.2714e+05,0.00061983
2.2724e+05,0.00061975
2.2735e+05,0.00061968
2.2745e+05,0.00061961
2.2756e+05,0.00061954
2.2766e+05,0.00061947
2.2777e+05,0.0006194
2.2787e+05,0.00061933
2.2797e+05,0.00061926
2.2808e+05,0.0006192
2.2818e+05,0.00061913
2.2829e+05,0.00061906
2.2839e+05,0.00061899
2.2849e+05,0.00061892
2.286e+05,0.00061886
2.287e+05,0.00061879
2.2881e+05,0.00061872
2.2891e+05,0.00061866
2.2901e+05,0.00061859
2.2912e+05,0.00061853
2.2922e+05,0.00061846
2.2933e+05,0.0006184
2.2943e+05,0.00061833
2.2954e+05,0.00061827
2.2964e+05,0.00061821
2.2974e+05,0.00061814
2.2985e+05,0.00061808
2.2995e+05,0.00061802
2.3006e+05,0.00061795
2.3016e+05,0.00061789
2.3026e+05,0.00061783
2.3037e+05,0.00061777
2.3047e+05,0.00061771
2.3058e+05,0.00061765
2.3068e+05,0.00061759
2.3079e+05,0.00061753
2.3089e+05,0.00061747
2.3099e+05,0.00061741
2.311e+05,0.00061735
2.312e+05,0.00061729
2.3131e+05,0.00061723
2.3141e+05,0.00061718
2.3151e+05,0.00061712
2.3162e+05,0.00061706
2.3172e+05,0.000617
2.3183e+05,0.00061695
2.3193e+05,0.00061689
2.3203e+05,0.00061684
2.3214e+05,0.00061678
2.3224e+05,0.00061672
2.3235e+05,0.00061667
2.3245e+05,0.00061662
2.3256e+05,0.00061656
2.3266e+05,0.00061651
2.3276e+05,0.00061645
2.3287e+05,0.0006164
2.3297e+05,0.00061635
2.3308e+05,0.00061629
2.3318e+05,0.00061624
2.3328e+05,0.00061619
2.3339e+05,0.00061614
2.3349e+05,0.00061609
2.336e+05,0.00061604
2.337e+05,0.00061599
2.3381e+05,0.00061594
2.3391e+05,0.00061589
2.3401e+05,0.00061584
2.3412e+05,0.00061579
2.3422e+05,0.00061574
2.3433e+05,0.00061569
2.3443e+05,0.00061564
2.3453e+05,0.00061559
2.3464e+05,0.00061555
2.3474e+05,0.0006155
2.3485e+05,0.00061545
2.3495e+05,0.0006154
2.3506e+05,0.00061536
2.3516e+05,0.00061531
2.3526e+05,0.00061527
2.3537e+05,0.00061522
2.3547e+05,0.00061518
2.3558e+05,0.00061513
2.3568e+05,0.00061509
2.3578e+05,0.00061504
2.3589e+05,0.000615
2.3599e+05,0.00061496
2.361e+05,0.00061491
2.362e+05,0.00061487
2.363e+05,0.00061483
2.3641e+05,0.00061479
2.3651e+05,0.00061474
2.3662e+05,0.0006147
2.3672e+05,0.00061466
2.3683e+05,0.00061462
2.3693e+05,0.00061458
2.3703e+05,0.00061454
2.3714e+05,0.0006145
2.3724e+05,0.00061446
2.3735e+05,0.00061442
2.3745e+05,0.00061438
2.3755e+05,0.00061434
2.3766e+05,0.00061431
2.3776e+05,0.00061427
2.3787e+05,0.00061423
2.3797e+05,0.00061419
2.3808e+05,0.00061416
2.3818e+05,0.00061412
2.3828e+05,0.00061408
2.3839e+05,0.00061405
2.3849e+05,0.00061401
2.386e+05,0.00061398
2.387e+05,0.00061394
2.388e+05,0.00061391
2.3891e+05,0.00061387
2.3901e+05,0.00061384
2.3912e+05,0.00061381
2.3922e+05,0.00061377
2.3933e+05,0.00061374
2.3943e+05,0.00061371
2.3953e+05,0.00061367
2.3964e+05,0.00061364
2.3974e+05,0.00061361
2.3985e+05,0.00061358
2.3995e+05,0.00061355
2.4005e+05,0.00061352
2.4016e+05,0.00061349
2.4026e+05,0.00061346
2.4037e+05,0.00061343
2.4047e+05,0.0006134
2.4057e+05,0.00061337
2.4068e+05,0.00061334
2.4078e+05,0.00061331
2.4089e+05,0.00061328
2.4099e+05,0.00061326
2.411e+05,0.00061323
2.412e+05,0.0006132
2.413e+05,0.00061317
2.4141e+05,0.00061315
2.4151e+05,0.00061312
2.4162e+05,0.0006131
2.4172e+05,0.00061307
2.4182e+05,0.00061304
2.4193e+05,0.00061302
2.4203e+05,0.000613
2.4214e+05,0.00061297
2.4224e+05,0.00061295
2.4235e+05,0.00061292
2.4245e+05,0.0006129
2.4255e+05,0.00061288
2.4266e+05,0.00061285
2.4276e+05,0.00061283
2.4287e+05,0.00061281
2.4297e+05,0.00061279
2.4307e+05,0.00061277
2.4318e+05,0.00061275
2.4328e+05,0.00061273
2.4339e+05,0.0006127
2.4349e+05,0.00061268
2.436e+05,0.00061266
2.437e+05,0.00061265
2.438e+05,0.00061263
2.4391e+05,0.00061261
2.4401e+05,0.00061259
2.4412e+05,0.00061257
2.4422e+05,0.00061255
2.4432e+05,0.00061254
2.4443e+05,0.00061252
2.4453e+05,0.0006125
2.4464e+05,0.00061248
2.4474e+05,0.00061247
2.4484e+05,0.00061245
2.4495e+05,0.00061244
2.4505e+05,0.00061242
2.4516e+05,0.00061241
2.4526e+05,0.00061239
2.4537e+05,0.00061238
2.4547e+05,0.00061236
2.4557e+05,0.00061235
2.4568e+05,0.00061234
2.4578e+05,0.00061232
2.4589e+05,0.00061231
2.4599e+05,0.0006123
2.4609e+05,0.00061229
2.462e+05,0.00061227
2.463e+05,0.00061226
2.4641e+05,0.00061225
2.4651e+05,0.00061224
2.4662e+05,0.00061223
2.4672e+05,0.00061222
2.4682e+05,0.00061221
2.4693e+05,0.0006122
2.4703e+05,0.00061219
2.4714e+05,0.00061218
2.4724e+05,0.00061217
2.4734e+05,0.00061217
2.4745e+05,0.00061216
2.4755e+05,0.00061215
2.4766e+05,0.00061214
2.4776e+05,0.00061214
2.4787e+05,0.00061213
2.4797e+05,0.00061212
2.4807e+05,0.00061212
2.4818e+05,0.00061211
2.4828e+05,0.00061211
2.4839e+05,0.0006121
2.4849e+05,0.0006121
2.4859e+05,0.00061209
2.487e+05,0.00061209
2.488e+05,0.00061208
2.4891e+05,0.00061208
2.4901e+05,0.00061208
2.4911e+05,0.00061207
2.4922e+05,0.00061207
2.4932e+05,0.00061207
2.4943e+05,0.00061207
2.4953e+05,0.00061206
2.4964e+05,0.00061206
2.4974e+05,0.00061206
2.4984e+05,0.00061206
2.4995e+05,0.00030603
